parname,parvalue
APAPD_HLM_CL,2.20979614946472
APAPD_Km_apap,0.347865458933743
Ka_apap,2.47260094866006
Ka_co2c13,25.5038877768623
Ka_metc13,166.228312274227
KBO_FIX_CO2,1.93423270828744
KBO_REL_CO2,0.010732672112037
KLI_FIX_CO2,2971.47001019749
KLI_REL_CO2,11.5181369746777
KLU_EX_CO2,759.69687070545
KLU_EXKM_CO2,305.128399620706
Kp_co2c13,4.45042076121246
