study	n	route	dose	time	apap	apap_se	apap_sd
Rawlins1977	6	oral	500	0.0	0.3079	NA	NA
Rawlins1977	6	oral	500	0.5	4.0211	0.5081	1.2446021499
Rawlins1977	6	oral	500	1.0	4.1514	0.3805	0.9320626905
Rawlins1977	6	oral	500	2.0	3.3376	0.3747	0.9178730414
Rawlins1977	6	oral	500	3.0	1.9370	0.1775	0.4348848584
Rawlins1977	6	oral	500	4.0	1.4175	0.3038	0.7442764785
Rawlins1977	6	oral	500	5.0	1.0771	0.2145	0.525529696
Rawlins1977	6	oral	500	6.0	0.7265	0.0716	0.1754345374

