study	n	route	dose	time	apap	apap_se	apap_sd
Rawlins1977	6	oral	1000	0.0	0.3060	NA	NA
Rawlins1977	6	oral	1000	0.5	13.3900	3.0753	7.5328251749
Rawlins1977	6	oral	1000	1.0	12.9026	3.2644	7.9960065388
Rawlins1977	6	oral	1000	2.0	8.0231	0.7356	1.8017270793
Rawlins1977	6	oral	1000	3.0	4.9887	0.4574	1.1203074469
Rawlins1977	6	oral	1000	4.0	3.9359	0.4149	1.016405236
Rawlins1977	6	oral	1000	5.0	2.8267	0.2980	0.7299751327
Rawlins1977	6	oral	1000	6.0	2.2162	0.1881	0.4607872327

