parname,parvalue
APAPD_HLM_CL,2.20974037211773
APAPD_Km_apap,0.347855099118309
Ka_apap,2.47262195901035
Ka_co2c13,18.3175971591061
Ka_metc13,139.28810993047
KBO_FIX_CO2,1.28904943744181
KBO_MAX_CO2,0.128303280754255
KBO_REL_CO2,0.00288150751473681
KLI_FIX_CO2,2122736349.54211
KLI_MAX_CO2,1.59381013714337
KLI_REL_CO2,8058534.67885185
KLU_EX_CO2,0.0242457809447348
KLU_EXKM_CO2,0.0111557877914482
Kp_co2c13,3.6029360679566
