parname,parvalue
APAPD_HLM_CL,0.79287503015997
APAPD_Km_apap,-1.05596926741679
Ka_apap,0.905279109571255
Ka_co2c13,2.96429482026744
Ka_metc13,6.10961640726682
KBO_FIX_CO2,-0.776333829231113
r_KLI_FIX_CO2,14.3019992684099
KLI_MAX_CO2,-1.15266802301292
KBO_REL_CO2,-10
r_KLI_REL_CO2,20
KBO_MAX_CO2,-1.22001196107983
KLU_EX_CO2,-2.51515929562516
KLU_EXKM_CO2,-2.17578655874305
Kp_co2c13,1.43333613283309
