parname,parvalue
Kp_co2c13,6.89643360522618
KBO_MAX_CO2,0.00968724136438682
KBO_REL_CO2,0.245672388281556
KBO_FIX_CO2,22.8575687396001
KLI_MAX_CO2,663.53268637769
KLI_REL_CO2,0.146008779170961
KLI_FIX_CO2,6.92687522285321
KLU_EX_CO2,404.599536676011
KLU_EXKM_CO2,1481.05732354988
Ka_co2c13,44.1376435826597
Ka_metc13,10106.1331332252
APAPD_HLM_CL,2.2155903601403
APAPD_Km_apap,0.348972829768273
Ka_apap,2.47691112650732
