study	n	route	dose	time	apap	apap_se	apap_sd
Rawlins1977	6	oral	2000	0.0	0.3079	NA	NA
Rawlins1977	6	oral	2000	0.5	11.6637	5.0566	12.3861412726
Rawlins1977	6	oral	2000	1.0	13.5650	3.5226	8.6284745883
Rawlins1977	6	oral	2000	2.0	20.1530	3.0131	7.3805183521
Rawlins1977	6	oral	2000	3.0	14.2935	2.9705	7.2761700891
Rawlins1977	6	oral	2000	4.0	10.4603	2.0152	4.936238674
Rawlins1977	6	oral	2000	5.0	7.5125	1.3266	3.2494808453
Rawlins1977	6	oral	2000	6.0	5.4633	1.0794	2.6439373421

